Maintenance_ID,Equipment_Name,Maintenance_Date,Cost,Status,Location_ID
EM0001,MRI Machine,2025-04-04,19892,Scheduled,L004
EM0002,Ultrasound Machine,2022-08-03,22541,Completed,L003
EM0003,MRI Machine,2024-07-11,6783,Scheduled,L002
EM0004,CT Scanner,2025-02-10,20648,In Progress,L004
EM0005,CT Scanner,2024-09-18,20444,Scheduled,L002
EM0006,CT Scanner,2022-08-23,1200,Completed,L004
EM0007,Ventilator,2025-03-23,22972,Scheduled,L005
EM0008,Ultrasound Machine,2024-03-24,3640,Completed,L003
EM0009,MRI Machine,2022-12-17,15231,Completed,L003
EM0010,CT Scanner,2025-02-04,18375,Completed,L003
EM0011,CT Scanner,2022-05-31,24720,Completed,L005
EM0012,Defibrillator,2024-05-14,7874,In Progress,L005
EM0013,Defibrillator,2023-02-03,23060,Scheduled,L003
EM0014,CT Scanner,2024-11-30,19948,In Progress,L002
EM0015,MRI Machine,2023-05-09,8640,Scheduled,L002
EM0016,Ventilator,2025-02-04,2922,Completed,L003
EM0017,MRI Machine,2022-11-27,9232,Scheduled,L002
EM0018,Defibrillator,2023-09-04,23064,Completed,L003
EM0019,CT Scanner,2025-03-22,11213,Scheduled,L001
EM0020,Ventilator,2023-01-09,4646,Scheduled,L001
EM0021,Ventilator,2024-04-02,10045,In Progress,L004
EM0022,Defibrillator,2024-10-02,11140,Completed,L004
EM0023,CT Scanner,2022-08-27,1243,Completed,L002
EM0024,CT Scanner,2025-01-16,7107,Scheduled,L003
EM0025,Ultrasound Machine,2024-11-19,6614,In Progress,L005
EM0026,Defibrillator,2024-01-30,21309,In Progress,L004
EM0027,Ultrasound Machine,2023-05-21,9474,Completed,L005
EM0028,CT Scanner,2025-03-15,9879,Completed,L001
EM0029,Ventilator,2024-07-13,21915,Completed,L005
EM0030,CT Scanner,2022-10-30,19422,Scheduled,L002
EM0031,CT Scanner,2024-08-19,18807,Completed,L004
EM0032,Ultrasound Machine,2023-06-14,21380,Scheduled,L004
EM0033,Ventilator,2023-03-03,21678,Scheduled,L002
EM0034,Ventilator,2022-11-06,11811,Scheduled,L002
EM0035,Ventilator,2023-01-13,16198,Scheduled,L003
EM0036,Defibrillator,2024-09-19,20376,Completed,L003
EM0037,CT Scanner,2022-06-06,14742,In Progress,L002
EM0038,MRI Machine,2022-08-09,23421,In Progress,L004
EM0039,Defibrillator,2024-10-02,16221,Completed,L005
EM0040,Ventilator,2024-12-10,21674,In Progress,L001
EM0041,MRI Machine,2025-01-10,7528,In Progress,L002
EM0042,Ultrasound Machine,2022-10-11,10127,Scheduled,L002
EM0043,Defibrillator,2024-06-28,10223,Scheduled,L003
EM0044,Defibrillator,2023-09-16,15571,Completed,L003
EM0045,Ultrasound Machine,2024-01-18,10182,In Progress,L004
EM0046,Ultrasound Machine,2022-11-28,12310,Scheduled,L001
EM0047,Ventilator,2024-12-17,10629,Scheduled,L003
EM0048,Ultrasound Machine,2022-11-22,3207,Completed,L004
EM0049,Ultrasound Machine,2023-12-04,21383,Scheduled,L002
EM0050,Ventilator,2023-12-14,9225,In Progress,L002
EM0051,CT Scanner,2024-07-19,22724,In Progress,L002
EM0052,CT Scanner,2025-02-27,16633,Completed,L003
EM0053,Defibrillator,2023-10-15,18995,Completed,L003
EM0054,CT Scanner,2022-11-26,10816,Completed,L002
EM0055,Ventilator,2025-03-16,12899,Completed,L003
EM0056,Ultrasound Machine,2024-12-04,20104,Completed,L003
EM0057,CT Scanner,2024-10-24,7333,Completed,L002
EM0058,Ultrasound Machine,2022-09-11,15553,Completed,L003
EM0059,MRI Machine,2022-08-09,3042,Completed,L002
EM0060,MRI Machine,2022-08-30,1953,Scheduled,L003
EM0061,Ultrasound Machine,2025-03-28,10973,In Progress,L004
EM0062,MRI Machine,2023-11-22,3586,Scheduled,L004
EM0063,CT Scanner,2024-08-27,24426,Scheduled,L002
EM0064,Ventilator,2024-10-03,11043,Completed,L001
EM0065,Ventilator,2024-01-02,8943,In Progress,L005
EM0066,Ultrasound Machine,2022-06-24,14548,Completed,L003
EM0067,Ultrasound Machine,2024-07-21,16899,Completed,L003
EM0068,MRI Machine,2024-02-26,15837,In Progress,L005
EM0069,CT Scanner,2022-07-25,16389,Completed,L001
EM0070,Ultrasound Machine,2025-02-13,1705,Scheduled,L005
EM0071,Defibrillator,2023-02-24,17345,In Progress,L005
EM0072,MRI Machine,2023-06-03,8198,Completed,L001
EM0073,Ventilator,2023-02-12,14699,Completed,L002
EM0074,CT Scanner,2022-07-28,14528,In Progress,L003
EM0075,Defibrillator,2024-10-02,19928,Scheduled,L003
EM0076,CT Scanner,2023-02-09,18479,In Progress,L003
EM0077,CT Scanner,2022-09-06,14721,In Progress,L003
EM0078,Defibrillator,2024-03-16,2519,Scheduled,L001
EM0079,Defibrillator,2024-06-08,16093,In Progress,L004
EM0080,MRI Machine,2025-03-24,4229,Completed,L001
EM0081,Ventilator,2024-06-22,18234,In Progress,L004
EM0082,MRI Machine,2022-05-31,9635,Scheduled,L005
EM0083,Ultrasound Machine,2023-05-30,13270,In Progress,L003
EM0084,MRI Machine,2023-06-28,13422,Scheduled,L001
EM0085,Ventilator,2024-07-12,12309,Scheduled,L002
EM0086,MRI Machine,2025-03-28,18176,In Progress,L003
EM0087,Ventilator,2024-11-02,14447,In Progress,L005
EM0088,CT Scanner,2022-07-04,11410,Completed,L002
EM0089,Defibrillator,2023-04-14,20810,Completed,L003
EM0090,CT Scanner,2022-09-16,10198,Scheduled,L001
EM0091,Ultrasound Machine,2023-10-14,1114,In Progress,L005
EM0092,Defibrillator,2024-07-03,5788,In Progress,L002
EM0093,Defibrillator,2023-04-17,16588,In Progress,L004
EM0094,Ventilator,2023-07-02,24654,Completed,L001
EM0095,CT Scanner,2024-10-09,12969,In Progress,L003
EM0096,Ventilator,2023-09-28,2063,Completed,L001
EM0097,MRI Machine,2023-12-08,21542,Scheduled,L004
EM0098,Ultrasound Machine,2022-06-26,18978,Completed,L002
EM0099,MRI Machine,2022-05-15,3661,In Progress,L002
EM0100,MRI Machine,2023-03-02,2840,Completed,L005
EM0101,CT Scanner,2023-10-09,12031,Scheduled,L005
EM0102,CT Scanner,2024-04-13,11284,Completed,L004
EM0103,Ventilator,2023-05-16,21435,In Progress,L004
EM0104,Ventilator,2024-05-21,17766,In Progress,L003
EM0105,Ventilator,2023-04-15,11897,In Progress,L003
EM0106,CT Scanner,2023-09-17,9564,Scheduled,L002
EM0107,Ultrasound Machine,2022-10-10,11091,In Progress,L004
EM0108,CT Scanner,2024-03-07,16451,Completed,L001
EM0109,Ultrasound Machine,2023-11-13,15951,Scheduled,L002
EM0110,Ventilator,2024-12-16,18102,In Progress,L004
EM0111,Ultrasound Machine,2025-02-19,4140,Scheduled,L001
EM0112,CT Scanner,2024-06-18,3084,Scheduled,L003
EM0113,MRI Machine,2025-02-18,23786,Scheduled,L002
EM0114,Defibrillator,2025-04-17,19722,Completed,L001
EM0115,CT Scanner,2023-02-04,17326,In Progress,L002
EM0116,Defibrillator,2023-05-05,18539,Completed,L001
EM0117,Ultrasound Machine,2022-06-21,8412,In Progress,L002
EM0118,CT Scanner,2023-11-02,1921,In Progress,L001
EM0119,Ultrasound Machine,2023-05-11,6773,In Progress,L005
EM0120,Defibrillator,2022-11-16,6277,Completed,L003
EM0121,Ultrasound Machine,2024-04-19,23749,In Progress,L001
EM0122,MRI Machine,2022-06-05,11925,Completed,L005
EM0123,Defibrillator,2023-09-25,24603,In Progress,L004
EM0124,Ultrasound Machine,2024-07-11,21792,Scheduled,L004
EM0125,Ventilator,2024-08-10,16770,Scheduled,L001
EM0126,CT Scanner,2023-06-28,5804,Completed,L004
EM0127,Ventilator,2023-03-23,3365,Completed,L002
EM0128,Defibrillator,2025-03-04,7624,Completed,L003
EM0129,Ultrasound Machine,2024-01-18,15410,In Progress,L004
EM0130,MRI Machine,2025-02-08,22409,Completed,L001
EM0131,Ventilator,2022-09-18,11423,In Progress,L004
EM0132,Defibrillator,2023-09-18,11158,In Progress,L005
EM0133,Ultrasound Machine,2023-03-04,6806,In Progress,L005
EM0134,CT Scanner,2025-01-29,23688,Completed,L001
EM0135,MRI Machine,2024-11-25,13473,In Progress,L003
EM0136,CT Scanner,2023-09-14,24074,In Progress,L002
EM0137,Ultrasound Machine,2024-02-04,18869,Scheduled,L001
EM0138,CT Scanner,2022-06-27,4894,Completed,L001
EM0139,MRI Machine,2023-12-30,1316,Scheduled,L004
EM0140,CT Scanner,2023-12-05,8452,Scheduled,L003
EM0141,Defibrillator,2024-03-03,685,Completed,L003
EM0142,Ultrasound Machine,2023-12-09,22056,Scheduled,L001
EM0143,CT Scanner,2023-03-15,10728,Completed,L004
EM0144,Ultrasound Machine,2022-11-07,3145,Completed,L003
EM0145,Ventilator,2024-06-11,20325,Scheduled,L005
EM0146,CT Scanner,2025-04-11,9001,In Progress,L004
EM0147,MRI Machine,2023-12-26,18393,Scheduled,L005
EM0148,MRI Machine,2024-09-24,18819,Scheduled,L002
EM0149,Ventilator,2025-02-11,13199,Scheduled,L001
EM0150,Ventilator,2022-08-10,1587,Completed,L004
EM0151,MRI Machine,2025-03-13,1839,Scheduled,L003
EM0152,MRI Machine,2024-12-13,23269,Completed,L004
EM0153,Defibrillator,2022-11-04,13465,Scheduled,L004
EM0154,Defibrillator,2025-01-13,17566,Completed,L004
EM0155,Ultrasound Machine,2022-05-30,14126,Completed,L004
EM0156,MRI Machine,2024-06-27,2223,Completed,L005
EM0157,CT Scanner,2023-09-08,17768,Completed,L003
EM0158,MRI Machine,2023-05-02,7692,Completed,L004
EM0159,MRI Machine,2023-05-20,17113,Completed,L004
EM0160,CT Scanner,2022-12-07,14404,In Progress,L003
EM0161,Ventilator,2024-11-21,1990,Completed,L001
EM0162,Defibrillator,2023-07-22,4567,In Progress,L005
EM0163,Ventilator,2024-02-27,18881,Completed,L003
EM0164,MRI Machine,2023-12-16,9703,In Progress,L005
EM0165,Defibrillator,2022-07-26,11197,Completed,L001
EM0166,MRI Machine,2022-07-04,5512,In Progress,L001
EM0167,Ultrasound Machine,2023-09-09,18792,Scheduled,L001
EM0168,CT Scanner,2022-12-05,8702,In Progress,L003
EM0169,CT Scanner,2024-07-31,13708,In Progress,L002
EM0170,Defibrillator,2024-12-18,24841,Completed,L002
EM0171,MRI Machine,2023-10-05,22528,Completed,L005
EM0172,CT Scanner,2023-08-27,3270,Completed,L002
EM0173,CT Scanner,2024-06-08,19833,Completed,L005
EM0174,MRI Machine,2023-10-30,10234,Scheduled,L001
EM0175,Defibrillator,2024-01-16,16237,Completed,L003
EM0176,CT Scanner,2023-11-19,12371,Scheduled,L004
EM0177,MRI Machine,2024-01-27,23875,In Progress,L005
EM0178,Defibrillator,2024-10-21,909,In Progress,L002
EM0179,CT Scanner,2022-10-27,12702,Completed,L002
EM0180,Ventilator,2023-02-17,2827,Scheduled,L002
EM0181,MRI Machine,2023-01-27,17747,Scheduled,L002
EM0182,CT Scanner,2022-05-29,21627,In Progress,L005
EM0183,CT Scanner,2024-01-10,16614,Scheduled,L004
EM0184,Ventilator,2023-10-11,19020,Scheduled,L004
EM0185,Ventilator,2022-05-30,13590,Completed,L002
EM0186,Ventilator,2022-06-12,21145,Completed,L003
EM0187,CT Scanner,2023-05-15,11554,In Progress,L004
EM0188,Defibrillator,2022-06-12,18304,Completed,L005
EM0189,MRI Machine,2025-02-20,12410,Scheduled,L005
EM0190,MRI Machine,2022-09-30,23231,Scheduled,L001
EM0191,Ultrasound Machine,2022-05-28,3744,In Progress,L004
EM0192,Ventilator,2024-02-26,7371,Completed,L005
EM0193,Ultrasound Machine,2022-11-28,17637,Scheduled,L001
EM0194,Defibrillator,2024-06-27,6774,Scheduled,L003
EM0195,Defibrillator,2024-01-13,3619,Completed,L004
EM0196,Ventilator,2024-10-16,19872,Completed,L002
EM0197,Defibrillator,2023-02-27,15645,In Progress,L002
EM0198,Ventilator,2022-05-10,16570,Completed,L001
EM0199,CT Scanner,2023-07-30,4825,Scheduled,L004
EM0200,MRI Machine,2023-01-18,24932,Scheduled,L002
EM0201,MRI Machine,2023-09-19,23139,Scheduled,L003
EM0202,MRI Machine,2023-01-03,22268,Completed,L001
EM0203,Defibrillator,2023-05-27,14010,Scheduled,L004
EM0204,Ventilator,2023-06-22,11923,In Progress,L004
EM0205,MRI Machine,2024-12-15,17328,Completed,L005
EM0206,Defibrillator,2025-01-25,12712,Completed,L004
EM0207,Defibrillator,2022-09-27,23341,In Progress,L003
EM0208,Ultrasound Machine,2024-02-13,22352,Completed,L002
EM0209,Ventilator,2023-01-16,3463,Completed,L002
EM0210,CT Scanner,2023-03-11,15406,Completed,L004
EM0211,MRI Machine,2022-09-24,16911,Scheduled,L005
EM0212,Ventilator,2023-08-12,541,In Progress,L004
EM0213,MRI Machine,2022-07-07,18294,Completed,L004
EM0214,Defibrillator,2024-01-16,22452,In Progress,L005
EM0215,Ultrasound Machine,2023-10-23,22917,Scheduled,L004
EM0216,MRI Machine,2023-05-15,13374,In Progress,L001
EM0217,MRI Machine,2023-01-06,13589,Completed,L003
EM0218,Ventilator,2022-06-10,10902,In Progress,L003
EM0219,Ventilator,2022-10-13,20407,Scheduled,L002
EM0220,MRI Machine,2022-10-04,16478,Scheduled,L004
EM0221,Ventilator,2023-07-22,9617,Scheduled,L004
EM0222,Defibrillator,2024-10-13,15435,Completed,L005
EM0223,Ventilator,2025-02-01,11003,Scheduled,L001
EM0224,Ventilator,2024-07-26,9617,In Progress,L003
EM0225,Defibrillator,2024-07-20,24243,In Progress,L004
EM0226,Ultrasound Machine,2024-06-06,12915,Completed,L005
EM0227,Defibrillator,2024-12-22,16431,Completed,L001
EM0228,Ultrasound Machine,2024-12-25,7547,Scheduled,L004
EM0229,Ventilator,2022-10-16,17602,In Progress,L005
EM0230,MRI Machine,2023-02-23,21283,Completed,L004
EM0231,Defibrillator,2024-10-25,6918,Scheduled,L004
EM0232,Ultrasound Machine,2023-04-01,6133,In Progress,L005
EM0233,Ventilator,2023-09-20,23007,Scheduled,L004
EM0234,Ventilator,2024-01-26,20253,Completed,L004
EM0235,Ultrasound Machine,2025-01-26,21049,Completed,L001
EM0236,Defibrillator,2023-08-04,24729,Scheduled,L001
EM0237,Defibrillator,2022-06-24,20797,Completed,L002
EM0238,Ultrasound Machine,2025-03-13,8470,Scheduled,L004
EM0239,Defibrillator,2023-03-19,19775,In Progress,L004
EM0240,Defibrillator,2023-06-28,21368,In Progress,L002
EM0241,Defibrillator,2025-04-11,15908,In Progress,L003
EM0242,Defibrillator,2024-02-09,3117,In Progress,L001
EM0243,Ventilator,2024-01-12,13634,Scheduled,L005
EM0244,Ultrasound Machine,2023-12-20,9671,Completed,L005
EM0245,Ultrasound Machine,2024-04-07,6818,In Progress,L003
EM0246,Ventilator,2023-11-01,12342,In Progress,L003
EM0247,Defibrillator,2025-01-22,11598,In Progress,L004
EM0248,Ventilator,2024-10-03,9373,In Progress,L002
EM0249,Ventilator,2023-02-02,6457,Scheduled,L001
EM0250,Defibrillator,2024-10-15,20022,In Progress,L002
EM0251,CT Scanner,2024-11-21,20968,Completed,L005
EM0252,MRI Machine,2022-07-31,15004,Scheduled,L004
EM0253,Ventilator,2023-09-27,3248,Scheduled,L004
EM0254,Ultrasound Machine,2024-01-02,18859,In Progress,L002
EM0255,Ventilator,2025-03-11,17260,Scheduled,L003
EM0256,MRI Machine,2023-08-06,1742,In Progress,L005
EM0257,MRI Machine,2023-07-11,22027,In Progress,L002
EM0258,CT Scanner,2022-12-11,9111,Completed,L002
EM0259,Ultrasound Machine,2023-10-21,17910,In Progress,L001
EM0260,MRI Machine,2024-12-12,14558,In Progress,L005
EM0261,MRI Machine,2022-10-08,24659,Scheduled,L003
EM0262,CT Scanner,2023-02-01,8627,In Progress,L003
EM0263,Ventilator,2023-05-20,1823,Completed,L005
EM0264,CT Scanner,2023-04-28,9995,Scheduled,L005
EM0265,Defibrillator,2024-03-21,5862,In Progress,L003
EM0266,CT Scanner,2024-09-08,1842,Completed,L002
EM0267,Defibrillator,2022-07-04,11074,Scheduled,L004
EM0268,CT Scanner,2023-11-06,3543,In Progress,L001
EM0269,Defibrillator,2023-03-13,14076,In Progress,L004
EM0270,Ventilator,2024-02-20,17370,Completed,L001
EM0271,CT Scanner,2023-08-18,11701,Completed,L005
EM0272,Defibrillator,2023-01-30,17146,Scheduled,L001
EM0273,Ventilator,2022-06-01,21606,Scheduled,L003
EM0274,Ultrasound Machine,2022-05-25,5831,In Progress,L005
EM0275,Defibrillator,2025-04-05,18629,In Progress,L001
EM0276,Defibrillator,2023-02-10,12070,Completed,L005
EM0277,Defibrillator,2022-09-21,23727,Scheduled,L002
EM0278,MRI Machine,2022-05-25,14229,Scheduled,L005
EM0279,MRI Machine,2023-06-14,4088,Scheduled,L001
EM0280,MRI Machine,2022-08-23,19200,In Progress,L002
EM0281,CT Scanner,2022-10-01,8224,In Progress,L002
EM0282,Ultrasound Machine,2023-07-16,23112,In Progress,L003
EM0283,Ventilator,2023-06-19,3566,In Progress,L004
EM0284,Ventilator,2022-12-26,10574,In Progress,L003
EM0285,Defibrillator,2024-08-01,8983,Scheduled,L003
EM0286,Defibrillator,2022-05-07,11509,Completed,L003
EM0287,CT Scanner,2023-03-29,11470,Completed,L002
EM0288,Defibrillator,2023-12-28,16178,Completed,L001
EM0289,MRI Machine,2023-03-03,3079,Scheduled,L004
EM0290,Ventilator,2022-05-12,9189,Scheduled,L005
EM0291,Ultrasound Machine,2023-12-06,4203,Scheduled,L001
EM0292,Ventilator,2023-11-06,5630,In Progress,L004
EM0293,Ultrasound Machine,2023-07-25,9144,Scheduled,L003
EM0294,Ultrasound Machine,2022-07-11,13685,Completed,L005
EM0295,MRI Machine,2023-11-27,6555,Scheduled,L001
EM0296,CT Scanner,2022-07-10,15710,In Progress,L004
EM0297,MRI Machine,2022-10-14,5274,Completed,L002
EM0298,MRI Machine,2025-04-07,3149,Completed,L005
EM0299,Ultrasound Machine,2025-02-02,20948,Completed,L003
EM0300,Defibrillator,2022-11-08,11473,Completed,L003
EM0301,CT Scanner,2024-10-17,9305,In Progress,L005
EM0302,Ultrasound Machine,2024-10-18,20669,Scheduled,L003
EM0303,CT Scanner,2024-06-16,18355,Scheduled,L003
EM0304,Ultrasound Machine,2023-10-03,6715,In Progress,L001
EM0305,Defibrillator,2022-05-29,4595,In Progress,L004
EM0306,Ultrasound Machine,2024-09-23,7156,Scheduled,L003
EM0307,Ultrasound Machine,2024-05-17,19390,In Progress,L002
EM0308,Defibrillator,2023-05-04,4447,Completed,L001
EM0309,Ultrasound Machine,2022-05-19,13856,Completed,L001
EM0310,MRI Machine,2024-12-06,3326,Scheduled,L005
EM0311,Ultrasound Machine,2023-03-26,1860,Scheduled,L004
EM0312,CT Scanner,2023-12-14,14752,Completed,L002
EM0313,Ultrasound Machine,2025-04-10,8682,In Progress,L001
EM0314,Ventilator,2022-05-26,24627,Scheduled,L002
EM0315,Ultrasound Machine,2023-05-28,14036,Scheduled,L002
EM0316,MRI Machine,2025-01-25,14341,In Progress,L002
EM0317,Ventilator,2023-01-27,23672,Scheduled,L003
EM0318,Ultrasound Machine,2024-07-07,21780,In Progress,L003
EM0319,MRI Machine,2025-03-02,18713,In Progress,L002
EM0320,Defibrillator,2024-10-25,22202,In Progress,L003
EM0321,Defibrillator,2022-07-06,8417,Completed,L001
EM0322,Ultrasound Machine,2024-01-15,23319,Scheduled,L005
EM0323,MRI Machine,2024-03-31,5795,Scheduled,L002
EM0324,MRI Machine,2022-08-23,15449,Scheduled,L003
EM0325,MRI Machine,2023-01-25,18115,Completed,L001
EM0326,Defibrillator,2025-01-22,16385,In Progress,L004
EM0327,Defibrillator,2023-09-02,20571,Completed,L002
EM0328,MRI Machine,2022-10-28,20270,Completed,L003
EM0329,MRI Machine,2025-03-31,7033,Scheduled,L001
EM0330,Ventilator,2024-08-27,24147,Scheduled,L001
EM0331,Defibrillator,2025-03-25,17355,Scheduled,L001
EM0332,Ultrasound Machine,2023-08-12,17017,Completed,L001
EM0333,Ventilator,2022-11-28,20062,Completed,L003
EM0334,CT Scanner,2024-03-20,8140,Completed,L003
EM0335,Ultrasound Machine,2025-04-15,5238,In Progress,L005
EM0336,MRI Machine,2023-02-07,15095,Scheduled,L004
EM0337,Defibrillator,2024-09-30,20225,Completed,L001
EM0338,Ventilator,2024-04-07,16329,In Progress,L002
EM0339,MRI Machine,2022-05-20,1433,Completed,L005
EM0340,Ultrasound Machine,2022-06-21,2256,Scheduled,L004
EM0341,Ultrasound Machine,2024-05-20,15027,Completed,L004
EM0342,Ventilator,2023-12-26,9859,Completed,L001
EM0343,Ultrasound Machine,2022-09-14,7788,In Progress,L004
EM0344,MRI Machine,2025-02-16,8209,Scheduled,L003
EM0345,Defibrillator,2023-07-26,3445,Completed,L002
EM0346,Ventilator,2024-06-21,14009,Scheduled,L004
EM0347,MRI Machine,2024-11-06,13000,Scheduled,L002
EM0348,Defibrillator,2022-10-27,16686,Scheduled,L005
EM0349,Ultrasound Machine,2022-11-21,11702,In Progress,L005
EM0350,CT Scanner,2022-11-30,24593,Completed,L003
EM0351,Ventilator,2022-09-04,10987,Scheduled,L005
EM0352,Ventilator,2023-12-20,16987,Scheduled,L001
EM0353,MRI Machine,2025-04-27,10848,In Progress,L002
EM0354,MRI Machine,2024-01-13,23900,Completed,L004
EM0355,Ultrasound Machine,2024-09-06,21965,In Progress,L005
EM0356,Ventilator,2025-02-10,24411,In Progress,L004
EM0357,Ultrasound Machine,2024-12-08,20955,Completed,L003
EM0358,CT Scanner,2024-04-01,22474,In Progress,L002
EM0359,CT Scanner,2023-12-10,14224,In Progress,L005
EM0360,CT Scanner,2025-03-05,4068,In Progress,L005
EM0361,CT Scanner,2022-10-26,14090,Scheduled,L004
EM0362,Ultrasound Machine,2023-05-03,10676,Completed,L004
EM0363,MRI Machine,2024-11-28,24271,In Progress,L003
EM0364,Ventilator,2025-04-25,5302,Scheduled,L004
EM0365,MRI Machine,2022-11-01,14096,Completed,L004
EM0366,Defibrillator,2022-09-12,22175,Completed,L005
EM0367,Ventilator,2023-02-26,4626,Completed,L004
EM0368,Ventilator,2023-10-08,13226,In Progress,L003
EM0369,MRI Machine,2023-10-27,11468,In Progress,L005
EM0370,Defibrillator,2022-11-18,11968,In Progress,L003
EM0371,Ventilator,2023-02-28,24581,Completed,L001
EM0372,CT Scanner,2023-04-29,7830,Scheduled,L001
EM0373,Defibrillator,2022-09-03,7676,Completed,L004
EM0374,Ultrasound Machine,2024-03-16,19985,Completed,L002
EM0375,CT Scanner,2022-12-30,3603,Completed,L003
EM0376,MRI Machine,2022-12-03,24592,In Progress,L002
EM0377,Ventilator,2025-02-01,22655,Scheduled,L003
EM0378,Ventilator,2022-07-10,9198,In Progress,L002
EM0379,Ventilator,2023-11-23,9002,In Progress,L005
EM0380,Defibrillator,2024-04-29,5056,Scheduled,L005
EM0381,Ultrasound Machine,2023-04-07,1878,In Progress,L005
EM0382,Ultrasound Machine,2023-11-13,16684,In Progress,L003
EM0383,Defibrillator,2024-12-05,18347,Completed,L004
EM0384,Ultrasound Machine,2022-08-20,22157,Completed,L002
EM0385,CT Scanner,2022-05-01,5885,In Progress,L005
EM0386,Ultrasound Machine,2023-11-18,14840,In Progress,L002
EM0387,MRI Machine,2022-11-23,15695,In Progress,L001
EM0388,MRI Machine,2023-02-14,5422,In Progress,L005
EM0389,MRI Machine,2024-02-23,17717,In Progress,L004
EM0390,Ventilator,2024-10-11,8127,Completed,L005
EM0391,CT Scanner,2023-09-05,7341,Completed,L005
EM0392,CT Scanner,2024-10-24,13527,Scheduled,L002
EM0393,Ventilator,2024-12-19,3902,Scheduled,L003
EM0394,Ventilator,2023-07-30,16140,Completed,L001
EM0395,MRI Machine,2022-09-20,20516,Scheduled,L001
EM0396,CT Scanner,2025-04-21,2700,Scheduled,L004
EM0397,Defibrillator,2023-03-06,12703,Scheduled,L003
EM0398,MRI Machine,2022-08-15,4286,Completed,L001
EM0399,Defibrillator,2024-01-24,24045,Scheduled,L003
EM0400,MRI Machine,2022-11-17,23266,Scheduled,L001
EM0401,Ventilator,2023-12-28,3752,In Progress,L003
EM0402,MRI Machine,2025-04-28,3959,Completed,L001
EM0403,MRI Machine,2023-07-16,3789,Scheduled,L001
EM0404,Ultrasound Machine,2025-03-15,5081,Scheduled,L002
EM0405,Ultrasound Machine,2025-04-21,2260,Completed,L005
EM0406,CT Scanner,2022-08-21,17090,In Progress,L002
EM0407,Defibrillator,2024-07-07,2003,Scheduled,L002
EM0408,Ventilator,2024-05-28,9580,Scheduled,L002
EM0409,Ultrasound Machine,2024-03-07,8227,In Progress,L001
EM0410,Defibrillator,2023-10-10,2738,Completed,L004
EM0411,MRI Machine,2023-04-29,12998,In Progress,L001
EM0412,Ultrasound Machine,2022-11-14,20831,Scheduled,L004
EM0413,CT Scanner,2024-08-08,10323,In Progress,L004
EM0414,MRI Machine,2024-05-20,22857,Completed,L003
EM0415,MRI Machine,2022-11-24,14305,Completed,L002
EM0416,Ventilator,2024-09-13,10193,Scheduled,L003
EM0417,Ventilator,2023-01-11,506,In Progress,L002
EM0418,Defibrillator,2023-03-23,14807,Completed,L001
EM0419,Ventilator,2023-03-12,11272,Scheduled,L002
EM0420,Ultrasound Machine,2023-05-28,11411,In Progress,L005
EM0421,Defibrillator,2022-07-25,3620,Scheduled,L003
EM0422,Ventilator,2024-04-21,6970,Completed,L003
EM0423,Ultrasound Machine,2022-07-16,17077,In Progress,L004
EM0424,Ultrasound Machine,2023-05-26,19516,Scheduled,L004
EM0425,Defibrillator,2024-01-05,13209,Completed,L003
EM0426,Ultrasound Machine,2022-07-18,20551,Completed,L004
EM0427,Defibrillator,2024-06-23,10199,Scheduled,L002
EM0428,CT Scanner,2024-03-26,21224,In Progress,L005
EM0429,Defibrillator,2024-02-17,20892,In Progress,L004
EM0430,MRI Machine,2022-08-09,24989,Scheduled,L001
EM0431,Ventilator,2023-11-03,10845,Scheduled,L003
EM0432,CT Scanner,2024-03-14,2883,Completed,L001
EM0433,MRI Machine,2023-09-26,10476,Completed,L004
EM0434,MRI Machine,2023-07-11,16261,In Progress,L005
EM0435,MRI Machine,2024-08-22,3962,Completed,L003
EM0436,Ventilator,2022-05-22,16701,Completed,L002
EM0437,Ventilator,2022-11-30,12161,In Progress,L003
EM0438,Defibrillator,2023-09-23,4434,In Progress,L004
EM0439,Defibrillator,2025-04-05,19666,In Progress,L003
EM0440,Ultrasound Machine,2022-12-16,14626,Scheduled,L005
EM0441,MRI Machine,2023-07-21,21219,Scheduled,L002
EM0442,MRI Machine,2023-06-07,14148,Completed,L001
EM0443,Defibrillator,2022-11-24,1698,In Progress,L004
EM0444,CT Scanner,2022-12-22,13395,In Progress,L002
EM0445,Ultrasound Machine,2024-06-15,2975,Scheduled,L002
EM0446,Ventilator,2023-09-14,3999,Scheduled,L005
EM0447,MRI Machine,2024-09-24,4295,In Progress,L003
EM0448,CT Scanner,2022-11-23,20483,In Progress,L003
EM0449,Defibrillator,2023-03-11,7702,Completed,L005
EM0450,Ultrasound Machine,2024-09-18,2957,Completed,L005
EM0451,MRI Machine,2024-09-26,17900,Completed,L001
EM0452,Ventilator,2023-12-15,5170,Scheduled,L005
EM0453,Ventilator,2024-03-07,7971,In Progress,L003
EM0454,CT Scanner,2025-02-04,11105,Completed,L002
EM0455,Ventilator,2022-09-29,16043,Scheduled,L004
EM0456,Ultrasound Machine,2023-06-26,17450,Scheduled,L005
EM0457,MRI Machine,2023-01-31,18939,In Progress,L003
EM0458,CT Scanner,2022-08-28,6418,Scheduled,L003
EM0459,Ultrasound Machine,2023-05-27,14621,Scheduled,L005
EM0460,Defibrillator,2023-04-26,15855,Scheduled,L002
EM0461,MRI Machine,2023-04-05,5018,Scheduled,L001
EM0462,Ultrasound Machine,2024-07-28,7822,Scheduled,L004
EM0463,Defibrillator,2024-12-07,20131,Scheduled,L002
EM0464,Ventilator,2023-04-24,6785,In Progress,L001
EM0465,Ultrasound Machine,2024-08-24,4805,Completed,L001
EM0466,Ventilator,2023-09-20,6539,Completed,L005
EM0467,Ventilator,2024-11-09,11431,In Progress,L001
EM0468,CT Scanner,2023-04-23,8684,Completed,L005
EM0469,Ventilator,2022-08-01,22292,In Progress,L002
EM0470,Ventilator,2024-03-09,22244,In Progress,L002
EM0471,Defibrillator,2022-06-24,20329,In Progress,L003
EM0472,MRI Machine,2023-11-19,10990,Completed,L003
EM0473,Ventilator,2024-01-20,5645,In Progress,L005
EM0474,Ultrasound Machine,2023-02-05,7219,Scheduled,L004
EM0475,MRI Machine,2023-02-06,23886,Completed,L003
EM0476,Ultrasound Machine,2022-10-13,20089,Completed,L001
EM0477,CT Scanner,2023-05-04,7382,Completed,L001
EM0478,CT Scanner,2025-03-24,1582,Completed,L002
EM0479,Ultrasound Machine,2025-03-25,23999,Scheduled,L004
EM0480,CT Scanner,2024-02-05,15340,In Progress,L003
EM0481,Ultrasound Machine,2024-08-24,10424,Scheduled,L003
EM0482,Ventilator,2023-05-13,6335,Scheduled,L001
EM0483,Ventilator,2024-08-01,576,Scheduled,L005
EM0484,MRI Machine,2025-01-06,7171,Completed,L004
EM0485,Defibrillator,2022-11-03,21182,Scheduled,L005
EM0486,Ultrasound Machine,2024-07-29,13879,Scheduled,L005
EM0487,Ventilator,2022-09-24,3512,In Progress,L001
EM0488,CT Scanner,2023-10-28,996,Completed,L002
EM0489,MRI Machine,2024-12-11,18844,Scheduled,L002
EM0490,CT Scanner,2023-05-03,6451,Completed,L001
EM0491,Ventilator,2024-10-16,8049,Completed,L001
EM0492,MRI Machine,2024-09-06,1422,In Progress,L001
EM0493,Ventilator,2023-10-23,2946,In Progress,L005
EM0494,MRI Machine,2022-10-13,11772,In Progress,L005
EM0495,CT Scanner,2024-08-01,17491,In Progress,L002
EM0496,Ultrasound Machine,2023-07-21,23284,Scheduled,L003
EM0497,Defibrillator,2024-06-14,24359,In Progress,L004
EM0498,Ultrasound Machine,2025-02-15,2977,In Progress,L002
EM0499,CT Scanner,2023-06-21,10727,Completed,L001
EM0500,MRI Machine,2025-03-13,9537,In Progress,L005
EM0501,Ultrasound Machine,2023-12-10,14331,Scheduled,L004
EM0502,Defibrillator,2023-08-25,6665,Completed,L003
EM0503,Ultrasound Machine,2023-03-04,13964,In Progress,L003
EM0504,CT Scanner,2025-02-11,22636,Scheduled,L005
EM0505,Ventilator,2023-02-01,15428,Completed,L005
EM0506,Defibrillator,2024-04-27,19003,Scheduled,L002
EM0507,CT Scanner,2023-07-28,987,In Progress,L005
EM0508,MRI Machine,2022-12-25,1060,In Progress,L001
EM0509,CT Scanner,2022-06-24,5441,In Progress,L003
EM0510,Ventilator,2025-03-31,11773,In Progress,L004
EM0511,Ultrasound Machine,2023-12-07,24196,Completed,L002
EM0512,Ventilator,2023-03-16,14956,Scheduled,L001
EM0513,MRI Machine,2025-01-24,4921,Scheduled,L001
EM0514,Ultrasound Machine,2024-08-25,12118,Completed,L004
EM0515,MRI Machine,2024-03-06,18474,Completed,L001
EM0516,CT Scanner,2022-12-31,14893,In Progress,L003
EM0517,Ultrasound Machine,2025-02-04,21019,Scheduled,L004
EM0518,Ultrasound Machine,2022-08-28,2807,In Progress,L003
EM0519,CT Scanner,2024-02-02,16080,Completed,L005
EM0520,Ultrasound Machine,2024-07-09,20194,Scheduled,L002
EM0521,Ultrasound Machine,2025-02-24,9772,Scheduled,L001
EM0522,MRI Machine,2023-07-14,9281,In Progress,L003
EM0523,Defibrillator,2022-12-07,5922,In Progress,L002
EM0524,Ultrasound Machine,2022-10-03,23528,Completed,L001
EM0525,MRI Machine,2024-08-12,22825,Completed,L004
EM0526,CT Scanner,2024-09-25,12468,In Progress,L005
EM0527,Ultrasound Machine,2024-02-07,18494,Completed,L002
EM0528,Ultrasound Machine,2022-09-05,13561,Completed,L005
EM0529,CT Scanner,2023-09-01,1297,In Progress,L003
EM0530,Ultrasound Machine,2025-02-18,4499,In Progress,L005
EM0531,MRI Machine,2023-08-20,14647,Scheduled,L005
EM0532,Ventilator,2025-02-24,13634,In Progress,L005
EM0533,CT Scanner,2024-03-10,22681,In Progress,L005
EM0534,Ultrasound Machine,2022-05-22,1232,Completed,L004
EM0535,Ventilator,2022-11-22,10871,Completed,L001
EM0536,Defibrillator,2023-08-13,10129,Scheduled,L002
EM0537,Ultrasound Machine,2022-06-17,10209,In Progress,L001
EM0538,MRI Machine,2024-11-30,18576,Completed,L005
EM0539,MRI Machine,2024-03-30,14120,In Progress,L004
EM0540,Ultrasound Machine,2025-01-19,951,Completed,L002
EM0541,MRI Machine,2022-05-30,22486,Completed,L003
EM0542,Defibrillator,2023-12-26,4596,In Progress,L002
EM0543,Defibrillator,2023-09-02,7082,Scheduled,L004
EM0544,CT Scanner,2024-07-23,3248,Completed,L003
EM0545,Ultrasound Machine,2022-09-07,24925,Completed,L003
EM0546,Ultrasound Machine,2024-05-20,18458,Scheduled,L005
EM0547,CT Scanner,2023-05-01,16411,Completed,L003
EM0548,MRI Machine,2024-07-23,8006,Scheduled,L002
EM0549,CT Scanner,2022-06-12,10793,In Progress,L004
EM0550,MRI Machine,2023-09-30,7699,Completed,L005
EM0551,Defibrillator,2024-11-18,18958,Scheduled,L001
EM0552,Defibrillator,2022-05-18,15171,Completed,L005
EM0553,Ventilator,2024-10-13,24064,Scheduled,L003
EM0554,Ventilator,2023-09-23,2787,Completed,L004
EM0555,Ventilator,2024-11-04,19179,In Progress,L004
EM0556,Defibrillator,2023-02-15,15989,Scheduled,L001
EM0557,CT Scanner,2024-11-27,17399,In Progress,L001
EM0558,Defibrillator,2022-12-05,17929,In Progress,L002
EM0559,Ventilator,2024-05-28,24296,In Progress,L004
EM0560,Ventilator,2023-11-08,23635,In Progress,L003
EM0561,Ventilator,2024-05-13,24270,In Progress,L003
EM0562,CT Scanner,2024-07-09,10607,Completed,L003
EM0563,Ultrasound Machine,2022-11-25,20189,In Progress,L002
EM0564,Ultrasound Machine,2024-03-31,3164,Completed,L004
EM0565,Ultrasound Machine,2024-05-31,23141,Scheduled,L004
EM0566,Ventilator,2023-01-17,7066,In Progress,L002
EM0567,Ventilator,2022-12-08,18720,Completed,L001
EM0568,Ultrasound Machine,2024-01-18,18640,Scheduled,L002
EM0569,Ultrasound Machine,2024-04-07,19504,Completed,L002
EM0570,CT Scanner,2022-05-08,20421,Completed,L003
EM0571,Ventilator,2024-01-18,8506,Scheduled,L003
EM0572,Ultrasound Machine,2024-07-12,22347,Completed,L004
EM0573,Defibrillator,2023-09-24,3594,Completed,L005
EM0574,Ultrasound Machine,2022-10-11,8229,In Progress,L004
EM0575,CT Scanner,2022-06-13,4920,Completed,L003
EM0576,Ultrasound Machine,2022-09-26,1178,Completed,L004
EM0577,Defibrillator,2022-09-17,5881,Scheduled,L001
EM0578,CT Scanner,2024-07-11,15477,In Progress,L004
EM0579,Ultrasound Machine,2024-05-09,19401,In Progress,L005
EM0580,CT Scanner,2022-12-01,8226,Completed,L004
EM0581,Ultrasound Machine,2025-01-28,17007,Scheduled,L003
EM0582,MRI Machine,2022-11-25,24665,Completed,L001
EM0583,Ventilator,2022-11-19,10271,In Progress,L005
EM0584,CT Scanner,2023-05-01,9815,Completed,L004
EM0585,Ventilator,2023-11-29,4000,Scheduled,L001
EM0586,Defibrillator,2023-04-19,20616,Scheduled,L005
EM0587,MRI Machine,2023-05-15,11478,In Progress,L005
EM0588,Defibrillator,2022-05-17,3677,In Progress,L004
EM0589,Ventilator,2023-01-18,2017,In Progress,L003
EM0590,MRI Machine,2022-07-11,2645,Scheduled,L005
EM0591,MRI Machine,2024-11-06,18003,Completed,L001
EM0592,Defibrillator,2024-03-17,1111,Scheduled,L004
EM0593,CT Scanner,2023-05-04,20867,Scheduled,L002
EM0594,CT Scanner,2024-11-29,1329,Scheduled,L002
EM0595,MRI Machine,2023-06-21,4159,Completed,L005
EM0596,MRI Machine,2024-08-30,3547,Completed,L001
EM0597,Ultrasound Machine,2024-01-13,6572,Completed,L005
EM0598,MRI Machine,2024-09-08,20086,Completed,L005
EM0599,Ultrasound Machine,2025-02-08,11245,Scheduled,L001
EM0600,Defibrillator,2022-07-30,2934,In Progress,L001
EM0601,Ventilator,2025-04-09,14776,In Progress,L003
EM0602,MRI Machine,2023-02-03,16015,In Progress,L004
EM0603,Ultrasound Machine,2024-03-03,6658,Scheduled,L001
EM0604,Ultrasound Machine,2023-03-18,21827,In Progress,L003
EM0605,MRI Machine,2022-11-26,7071,Scheduled,L002
EM0606,CT Scanner,2024-08-30,3543,Completed,L002
EM0607,CT Scanner,2023-01-16,5818,Completed,L002
EM0608,Ventilator,2023-04-07,8960,In Progress,L001
EM0609,MRI Machine,2025-02-12,3574,Completed,L003
EM0610,Ultrasound Machine,2022-12-12,5187,In Progress,L001
EM0611,Ventilator,2024-11-19,13526,In Progress,L002
EM0612,MRI Machine,2024-02-11,20540,In Progress,L003
EM0613,Ultrasound Machine,2024-05-30,16781,Scheduled,L001
EM0614,CT Scanner,2022-07-24,23984,Completed,L003
EM0615,Defibrillator,2023-03-26,4786,Completed,L001
EM0616,Ventilator,2023-03-12,1782,In Progress,L001
EM0617,Ultrasound Machine,2022-06-08,15360,In Progress,L004
EM0618,CT Scanner,2024-12-18,11638,In Progress,L002
EM0619,MRI Machine,2022-07-05,24567,Scheduled,L003
EM0620,Defibrillator,2022-07-07,8400,Scheduled,L002
EM0621,Defibrillator,2024-12-31,22544,Scheduled,L005
EM0622,CT Scanner,2022-12-28,7284,Scheduled,L004
EM0623,Ultrasound Machine,2023-06-24,11183,Completed,L003
EM0624,Ventilator,2025-02-11,8094,Scheduled,L001
EM0625,Defibrillator,2024-07-11,24517,Scheduled,L003
EM0626,Ultrasound Machine,2024-12-08,19404,Completed,L001
EM0627,Ventilator,2023-04-22,24962,In Progress,L005
EM0628,MRI Machine,2023-09-07,10577,Scheduled,L005
EM0629,CT Scanner,2023-11-25,16692,Scheduled,L001
EM0630,Ventilator,2022-07-03,23061,Completed,L005
EM0631,MRI Machine,2025-04-09,10224,Completed,L002
EM0632,Ultrasound Machine,2023-04-08,14889,Scheduled,L003
EM0633,CT Scanner,2022-07-18,23134,In Progress,L001
EM0634,MRI Machine,2022-06-22,9123,Scheduled,L002
EM0635,Ventilator,2023-08-09,24282,In Progress,L003
EM0636,Ultrasound Machine,2024-11-08,23462,In Progress,L004
EM0637,Ventilator,2023-04-28,1486,In Progress,L004
EM0638,Ultrasound Machine,2023-12-05,15318,Scheduled,L001
EM0639,Ventilator,2023-05-31,11066,In Progress,L001
EM0640,Ultrasound Machine,2022-10-02,24844,In Progress,L003
EM0641,Ultrasound Machine,2024-02-04,22427,Scheduled,L001
EM0642,MRI Machine,2025-01-16,8351,Completed,L002
EM0643,Ventilator,2022-07-17,21436,Completed,L002
EM0644,Ventilator,2023-08-08,11066,Completed,L004
EM0645,Defibrillator,2024-09-25,19195,In Progress,L001
EM0646,Defibrillator,2023-05-17,7956,Scheduled,L003
EM0647,MRI Machine,2023-03-21,19004,In Progress,L002
EM0648,Ventilator,2023-02-16,4819,Completed,L005
EM0649,Ultrasound Machine,2025-03-25,14554,Completed,L001
EM0650,Ventilator,2024-11-03,1831,In Progress,L004
EM0651,CT Scanner,2024-03-17,986,Scheduled,L001
EM0652,Ultrasound Machine,2022-07-12,12965,Completed,L005
EM0653,CT Scanner,2023-03-18,6404,Scheduled,L004
EM0654,Ventilator,2025-04-16,21795,Scheduled,L005
EM0655,MRI Machine,2024-07-03,13625,Scheduled,L002
EM0656,Ventilator,2022-06-10,5345,Scheduled,L004
EM0657,Ventilator,2024-07-12,19766,In Progress,L005
EM0658,Defibrillator,2023-01-21,1700,Completed,L001
EM0659,MRI Machine,2024-04-30,15869,In Progress,L002
EM0660,MRI Machine,2024-06-06,1757,Completed,L001
EM0661,MRI Machine,2024-05-13,23715,Completed,L005
EM0662,Ultrasound Machine,2023-12-05,10112,Scheduled,L003
EM0663,Ultrasound Machine,2024-12-10,10593,Scheduled,L002
EM0664,Defibrillator,2025-02-02,4011,In Progress,L004
EM0665,CT Scanner,2023-10-03,23311,Scheduled,L003
EM0666,Defibrillator,2024-01-09,593,Scheduled,L005
EM0667,CT Scanner,2024-06-29,10766,Completed,L002
EM0668,CT Scanner,2022-10-19,22324,Scheduled,L005
EM0669,Defibrillator,2022-10-17,22456,Scheduled,L001
EM0670,CT Scanner,2024-02-19,4903,In Progress,L002
EM0671,MRI Machine,2023-06-17,1365,In Progress,L003
EM0672,MRI Machine,2024-10-18,22537,Completed,L005
EM0673,Defibrillator,2025-02-26,20887,Completed,L001
EM0674,Ventilator,2023-12-15,10264,In Progress,L005
EM0675,Ventilator,2022-12-18,16394,Completed,L004
EM0676,CT Scanner,2022-10-31,22415,Completed,L001
EM0677,Ventilator,2024-08-02,1171,In Progress,L002
EM0678,MRI Machine,2024-02-14,14779,In Progress,L003
EM0679,CT Scanner,2023-08-08,15528,In Progress,L002
EM0680,Ventilator,2022-06-27,11563,In Progress,L004
EM0681,CT Scanner,2024-08-16,6894,In Progress,L003
EM0682,MRI Machine,2022-07-13,12077,In Progress,L003
EM0683,MRI Machine,2023-02-20,11826,Completed,L005
EM0684,Ventilator,2022-07-07,5051,Scheduled,L001
EM0685,CT Scanner,2022-08-12,12912,Completed,L002
EM0686,CT Scanner,2024-06-02,22194,In Progress,L003
EM0687,MRI Machine,2024-03-08,2117,Scheduled,L004
EM0688,CT Scanner,2022-09-01,17571,In Progress,L005
EM0689,MRI Machine,2022-05-10,10933,In Progress,L005
EM0690,Ultrasound Machine,2023-03-19,8865,In Progress,L004
EM0691,Ultrasound Machine,2023-10-07,10397,Scheduled,L003
EM0692,MRI Machine,2025-02-09,16873,In Progress,L004
EM0693,MRI Machine,2022-07-11,12783,In Progress,L005
EM0694,CT Scanner,2023-04-09,3542,Completed,L001
EM0695,MRI Machine,2024-09-26,9214,Scheduled,L005
EM0696,Ventilator,2025-03-01,22076,Scheduled,L002
EM0697,CT Scanner,2023-04-06,9731,Scheduled,L005
EM0698,Ultrasound Machine,2024-06-25,23269,In Progress,L002
EM0699,Ultrasound Machine,2025-03-16,7382,Scheduled,L004
EM0700,Ventilator,2024-12-18,11780,Completed,L004
EM0701,Ventilator,2024-08-31,1169,Completed,L002
EM0702,Defibrillator,2024-02-05,10063,In Progress,L003
EM0703,CT Scanner,2022-09-17,5516,Scheduled,L004
EM0704,MRI Machine,2024-11-06,23282,Scheduled,L001
EM0705,Ventilator,2025-03-09,19967,In Progress,L003
EM0706,Ultrasound Machine,2023-07-04,22468,In Progress,L004
EM0707,Ventilator,2025-02-23,19645,In Progress,L005
EM0708,CT Scanner,2023-01-02,13458,Completed,L003
EM0709,CT Scanner,2022-10-22,7488,Completed,L004
EM0710,CT Scanner,2024-02-20,14833,Scheduled,L002
EM0711,Ventilator,2023-02-19,13865,In Progress,L003
EM0712,MRI Machine,2025-01-19,17927,Completed,L002
EM0713,Ultrasound Machine,2024-11-13,11335,In Progress,L003
EM0714,Ultrasound Machine,2023-09-02,23652,Completed,L002
EM0715,Defibrillator,2025-02-23,6331,In Progress,L001
EM0716,Ultrasound Machine,2023-06-26,13102,In Progress,L001
EM0717,Ventilator,2022-08-06,9280,In Progress,L005
EM0718,Ventilator,2022-08-16,3530,Scheduled,L002
EM0719,Ultrasound Machine,2024-05-21,1221,In Progress,L002
EM0720,CT Scanner,2023-09-18,14847,Completed,L004
EM0721,Ventilator,2022-07-12,11072,Completed,L004
EM0722,Ventilator,2023-01-08,21640,Completed,L003
EM0723,CT Scanner,2024-12-01,20231,Scheduled,L005
EM0724,Ventilator,2024-09-18,6061,Scheduled,L005
EM0725,Defibrillator,2023-03-08,23374,Completed,L004
EM0726,Ultrasound Machine,2022-08-13,20583,Completed,L001
EM0727,Defibrillator,2024-10-09,14479,Scheduled,L005
EM0728,Ventilator,2025-04-16,7191,In Progress,L002
EM0729,Defibrillator,2024-12-17,11911,Scheduled,L002
EM0730,Defibrillator,2024-06-12,857,In Progress,L001
EM0731,MRI Machine,2022-06-16,1821,In Progress,L003
EM0732,MRI Machine,2022-12-20,4359,In Progress,L004
EM0733,CT Scanner,2022-07-17,21056,Scheduled,L002
EM0734,Defibrillator,2022-07-04,7350,Completed,L001
EM0735,MRI Machine,2022-12-28,14968,Completed,L002
EM0736,Defibrillator,2024-02-16,3340,Completed,L005
EM0737,Ultrasound Machine,2022-08-19,18870,In Progress,L004
EM0738,Ultrasound Machine,2024-01-31,7339,Completed,L001
EM0739,Ventilator,2022-06-26,24200,In Progress,L004
EM0740,Defibrillator,2023-04-24,10856,In Progress,L002
EM0741,Defibrillator,2024-11-16,9073,Completed,L005
EM0742,Defibrillator,2022-12-23,17879,Scheduled,L005
EM0743,Ultrasound Machine,2023-06-05,14207,Completed,L004
EM0744,Ventilator,2023-02-12,12613,Scheduled,L005
EM0745,Ultrasound Machine,2023-02-11,7411,In Progress,L005
EM0746,CT Scanner,2024-01-22,8724,Scheduled,L003
EM0747,Defibrillator,2023-11-29,21184,Completed,L004
EM0748,Defibrillator,2022-10-10,22820,In Progress,L001
EM0749,CT Scanner,2022-05-06,10479,Completed,L003
EM0750,MRI Machine,2022-07-12,12626,Completed,L001
EM0751,Ultrasound Machine,2023-06-07,536,Completed,L004
EM0752,Defibrillator,2025-02-03,10572,In Progress,L002
EM0753,Ultrasound Machine,2022-09-25,13951,Completed,L004
EM0754,Ultrasound Machine,2024-03-25,19898,Scheduled,L005
EM0755,Defibrillator,2025-04-21,20404,Completed,L005
EM0756,Ultrasound Machine,2023-04-12,23772,In Progress,L002
EM0757,Ventilator,2025-03-10,23931,Completed,L005
EM0758,Defibrillator,2022-04-30,13810,Completed,L003
EM0759,Ventilator,2022-07-31,24956,Scheduled,L005
EM0760,Ventilator,2022-10-20,12756,Completed,L002
EM0761,Defibrillator,2025-04-10,21552,Scheduled,L003
EM0762,MRI Machine,2024-03-28,4843,In Progress,L003
EM0763,Ventilator,2022-12-05,17625,In Progress,L004
EM0764,Defibrillator,2023-08-21,19713,In Progress,L003
EM0765,Ventilator,2024-12-24,10867,Completed,L003
EM0766,CT Scanner,2023-05-28,17525,Scheduled,L001
EM0767,Ventilator,2023-01-12,1384,Completed,L003
EM0768,CT Scanner,2023-04-19,2923,Scheduled,L002
EM0769,MRI Machine,2022-10-18,3023,Completed,L003
EM0770,Ventilator,2024-09-03,19613,Completed,L001
EM0771,Ventilator,2022-08-25,12882,Completed,L003
EM0772,Defibrillator,2023-01-06,15332,Completed,L002
EM0773,Defibrillator,2023-08-24,7501,Completed,L005
EM0774,Ultrasound Machine,2024-05-28,20303,Completed,L002
EM0775,Ventilator,2024-01-04,10440,Completed,L001
EM0776,Ultrasound Machine,2023-02-16,9379,Scheduled,L001
EM0777,Ultrasound Machine,2024-01-17,15989,Completed,L004
EM0778,MRI Machine,2022-07-16,6850,Completed,L003
EM0779,Ultrasound Machine,2022-11-12,11185,Completed,L005
EM0780,CT Scanner,2025-02-01,20873,Scheduled,L001
EM0781,Ultrasound Machine,2024-08-23,11506,In Progress,L003
EM0782,Defibrillator,2025-04-12,3574,Completed,L001
EM0783,CT Scanner,2022-05-19,8674,Scheduled,L003
EM0784,Defibrillator,2023-08-26,24101,Completed,L002
EM0785,Ultrasound Machine,2023-10-30,1942,In Progress,L004
EM0786,Ventilator,2024-06-13,7078,In Progress,L001
EM0787,Ventilator,2023-08-09,20155,Completed,L001
EM0788,CT Scanner,2022-05-02,2521,Scheduled,L002
EM0789,Ventilator,2024-08-16,16667,Completed,L004
EM0790,MRI Machine,2022-07-14,5183,Completed,L004
EM0791,Ultrasound Machine,2024-02-12,4395,Completed,L004
EM0792,MRI Machine,2024-01-18,21437,In Progress,L002
EM0793,Ventilator,2024-11-01,20264,In Progress,L003
EM0794,MRI Machine,2023-12-26,13027,Completed,L002
EM0795,Ultrasound Machine,2023-03-02,9428,Scheduled,L001
EM0796,Ultrasound Machine,2023-10-21,14852,Scheduled,L003
EM0797,Ultrasound Machine,2024-12-04,21403,In Progress,L002
EM0798,Ultrasound Machine,2024-11-24,5745,Scheduled,L003
EM0799,Defibrillator,2024-02-06,10426,In Progress,L001
EM0800,Defibrillator,2024-05-03,15228,Scheduled,L004
EM0801,Defibrillator,2024-04-16,5950,Completed,L003
EM0802,CT Scanner,2022-06-15,22307,In Progress,L004
EM0803,Ventilator,2024-01-05,20949,Completed,L005
EM0804,Ventilator,2025-02-13,8681,In Progress,L003
EM0805,Ultrasound Machine,2022-08-16,20337,In Progress,L003
EM0806,MRI Machine,2024-05-14,628,Completed,L003
EM0807,CT Scanner,2023-06-24,23125,Scheduled,L004
EM0808,Ventilator,2022-09-09,21339,In Progress,L003
EM0809,Defibrillator,2024-01-16,9420,Scheduled,L005
EM0810,Ultrasound Machine,2024-01-23,10840,Scheduled,L001
EM0811,MRI Machine,2022-09-03,18738,Scheduled,L002
EM0812,Ultrasound Machine,2023-08-17,23935,In Progress,L005
EM0813,MRI Machine,2024-03-12,17096,Scheduled,L004
EM0814,MRI Machine,2024-08-03,5402,Completed,L004
EM0815,MRI Machine,2024-09-07,20241,In Progress,L004
EM0816,MRI Machine,2022-06-04,19824,In Progress,L004
EM0817,Defibrillator,2024-03-21,9180,Scheduled,L005
EM0818,MRI Machine,2024-03-10,5678,Scheduled,L003
EM0819,CT Scanner,2024-06-11,9601,Scheduled,L003
EM0820,Defibrillator,2022-09-07,5996,Completed,L002
EM0821,MRI Machine,2024-08-21,2941,Scheduled,L003
EM0822,Defibrillator,2022-06-12,17277,In Progress,L002
EM0823,MRI Machine,2023-06-14,9946,In Progress,L004
EM0824,Defibrillator,2023-05-16,11367,Completed,L005
EM0825,Ultrasound Machine,2024-07-03,10280,Scheduled,L003
EM0826,MRI Machine,2022-10-09,11131,Completed,L001
EM0827,Ventilator,2023-11-23,12435,Scheduled,L005
EM0828,Defibrillator,2025-01-29,8613,Scheduled,L002
EM0829,Defibrillator,2022-10-02,9294,Completed,L001
EM0830,Ventilator,2024-10-18,15402,In Progress,L002
EM0831,Defibrillator,2024-08-13,9818,Scheduled,L002
EM0832,Ventilator,2022-06-24,23467,In Progress,L005
EM0833,Ventilator,2022-08-04,888,Scheduled,L003
EM0834,Ultrasound Machine,2025-01-15,5454,Completed,L003
EM0835,Ventilator,2023-09-16,23984,In Progress,L005
EM0836,CT Scanner,2024-07-11,1444,Scheduled,L002
EM0837,Ventilator,2023-09-21,1087,Scheduled,L004
EM0838,Defibrillator,2022-11-18,20671,Scheduled,L002
EM0839,Ventilator,2024-07-27,6324,Scheduled,L001
EM0840,MRI Machine,2025-02-26,16484,Completed,L003
EM0841,CT Scanner,2024-03-02,4711,Completed,L003
EM0842,Ventilator,2023-04-07,21701,In Progress,L003
EM0843,CT Scanner,2022-12-13,18200,Scheduled,L004
EM0844,Ultrasound Machine,2025-02-18,17756,Completed,L003
EM0845,Defibrillator,2025-03-03,17525,In Progress,L002
EM0846,Ventilator,2024-12-10,11262,Completed,L003
EM0847,Defibrillator,2022-11-27,21961,Scheduled,L004
EM0848,Defibrillator,2024-11-30,10855,Scheduled,L002
EM0849,CT Scanner,2023-12-06,3931,Scheduled,L002
EM0850,Ventilator,2024-06-01,8812,Scheduled,L004
EM0851,Defibrillator,2024-08-04,1313,In Progress,L001
EM0852,CT Scanner,2024-09-20,23053,Scheduled,L002
EM0853,Ultrasound Machine,2024-05-19,2729,Completed,L003
EM0854,CT Scanner,2023-01-28,20099,Scheduled,L004
EM0855,Defibrillator,2023-08-10,6314,Completed,L003
EM0856,Ultrasound Machine,2023-10-24,16049,Completed,L002
EM0857,Ventilator,2023-09-12,10550,Completed,L001
EM0858,Defibrillator,2025-01-26,11705,In Progress,L001
EM0859,Ventilator,2022-05-25,1985,Scheduled,L004
EM0860,Defibrillator,2023-12-05,18035,Completed,L005
EM0861,Ultrasound Machine,2022-11-10,18891,Scheduled,L001
EM0862,CT Scanner,2024-05-20,1708,Scheduled,L005
EM0863,Defibrillator,2024-07-12,20753,Completed,L004
EM0864,Defibrillator,2024-09-29,24720,Completed,L004
EM0865,Ultrasound Machine,2023-06-16,8442,Completed,L003
EM0866,Ultrasound Machine,2023-07-10,12191,In Progress,L001
EM0867,MRI Machine,2024-12-26,23809,Completed,L003
EM0868,MRI Machine,2024-10-06,20543,In Progress,L001
EM0869,CT Scanner,2023-02-05,24073,Completed,L003
EM0870,Ultrasound Machine,2024-02-29,15493,In Progress,L005
EM0871,CT Scanner,2025-03-22,7447,Scheduled,L001
EM0872,Ventilator,2023-07-09,14123,In Progress,L001
EM0873,Ultrasound Machine,2025-03-04,16539,Completed,L001
EM0874,Ultrasound Machine,2023-06-19,11006,Completed,L001
EM0875,CT Scanner,2023-04-24,12495,Completed,L001
EM0876,Ultrasound Machine,2024-12-23,11287,Completed,L003
EM0877,Ventilator,2022-04-29,553,In Progress,L001
EM0878,CT Scanner,2022-11-20,22838,Completed,L005
EM0879,Ventilator,2025-01-10,16149,In Progress,L001
EM0880,CT Scanner,2024-05-03,16526,In Progress,L003
EM0881,CT Scanner,2024-06-15,1130,In Progress,L001
EM0882,Ultrasound Machine,2022-12-08,814,Completed,L005
EM0883,MRI Machine,2024-12-27,17017,In Progress,L001
EM0884,MRI Machine,2022-07-31,16862,Scheduled,L003
EM0885,Ventilator,2024-03-26,22870,Scheduled,L005
EM0886,Defibrillator,2023-03-09,18164,In Progress,L004
EM0887,Ventilator,2023-01-08,11430,Scheduled,L002
EM0888,Ultrasound Machine,2024-05-04,10688,Scheduled,L004
EM0889,Defibrillator,2025-03-01,18554,Completed,L005
EM0890,MRI Machine,2024-05-08,9366,Scheduled,L004
EM0891,Defibrillator,2023-12-19,8726,In Progress,L005
EM0892,MRI Machine,2024-10-29,9694,In Progress,L003
EM0893,Ultrasound Machine,2023-02-12,12633,Scheduled,L002
EM0894,MRI Machine,2022-06-28,11221,Completed,L001
EM0895,Ultrasound Machine,2023-10-23,20130,In Progress,L001
EM0896,Defibrillator,2023-05-15,20945,Completed,L001
EM0897,Ultrasound Machine,2025-01-16,7138,In Progress,L005
EM0898,Defibrillator,2022-05-09,909,Completed,L003
EM0899,Ventilator,2024-04-07,5622,Completed,L001
EM0900,MRI Machine,2024-08-23,11913,In Progress,L004
EM0901,Ventilator,2024-08-04,5600,Completed,L002
EM0902,Ventilator,2022-07-02,6870,Scheduled,L001
EM0903,Ventilator,2024-06-02,24812,In Progress,L004
EM0904,CT Scanner,2024-12-13,23356,In Progress,L001
EM0905,Ventilator,2022-05-31,15185,Completed,L005
EM0906,Ultrasound Machine,2022-12-06,4092,In Progress,L003
EM0907,MRI Machine,2024-10-19,10263,Completed,L004
EM0908,Ultrasound Machine,2023-10-30,8051,Completed,L004
EM0909,CT Scanner,2024-04-09,1601,Scheduled,L005
EM0910,CT Scanner,2024-11-09,6900,Completed,L003
EM0911,Defibrillator,2023-01-19,1321,Completed,L005
EM0912,CT Scanner,2023-03-31,5032,In Progress,L001
EM0913,Ultrasound Machine,2025-04-26,4381,Scheduled,L004
EM0914,CT Scanner,2023-05-22,5599,In Progress,L002
EM0915,Ultrasound Machine,2024-06-17,19859,Scheduled,L005
EM0916,Ultrasound Machine,2023-04-09,10269,In Progress,L003
EM0917,MRI Machine,2023-01-24,10763,Scheduled,L002
EM0918,Defibrillator,2023-04-05,22638,Scheduled,L003
EM0919,Ventilator,2023-06-10,9565,In Progress,L004
EM0920,Ventilator,2024-07-22,12700,Scheduled,L001
EM0921,Defibrillator,2023-09-01,12481,Completed,L001
EM0922,Ventilator,2024-04-08,9589,In Progress,L001
EM0923,Defibrillator,2025-04-21,20589,In Progress,L004
EM0924,Ultrasound Machine,2024-10-19,6871,In Progress,L004
EM0925,Defibrillator,2024-08-20,13780,In Progress,L002
EM0926,Ventilator,2024-02-18,24241,In Progress,L002
EM0927,Ventilator,2023-02-20,13636,Completed,L002
EM0928,MRI Machine,2024-09-01,9387,Completed,L005
EM0929,Ultrasound Machine,2022-07-09,16535,Scheduled,L005
EM0930,CT Scanner,2022-07-28,15332,Completed,L005
EM0931,Defibrillator,2022-10-15,15449,Completed,L001
EM0932,Ultrasound Machine,2022-06-28,5255,Scheduled,L003
EM0933,Ultrasound Machine,2022-12-15,11754,Completed,L003
EM0934,CT Scanner,2023-08-31,3296,Completed,L002
EM0935,Defibrillator,2023-09-16,23796,Scheduled,L005
EM0936,Ultrasound Machine,2025-03-30,15468,Completed,L001
EM0937,Ultrasound Machine,2025-04-28,11592,In Progress,L004
EM0938,Ultrasound Machine,2023-03-30,15438,Scheduled,L005
EM0939,Ventilator,2024-09-06,2878,Scheduled,L003
EM0940,Ultrasound Machine,2024-05-06,19921,Scheduled,L003
EM0941,Ultrasound Machine,2025-02-20,15208,Completed,L004
EM0942,Defibrillator,2023-08-18,23915,Scheduled,L001
EM0943,Ventilator,2023-08-23,24823,Completed,L003
EM0944,Ultrasound Machine,2023-01-08,1291,Scheduled,L004
EM0945,Defibrillator,2022-07-30,13794,In Progress,L004
EM0946,Ventilator,2023-10-27,11291,Completed,L001
EM0947,Defibrillator,2022-05-02,24117,Scheduled,L003
EM0948,MRI Machine,2025-01-17,23471,In Progress,L002
EM0949,MRI Machine,2024-05-16,2341,Scheduled,L002
EM0950,Ventilator,2023-01-24,24964,Completed,L002
EM0951,Defibrillator,2025-01-01,24411,Scheduled,L001
EM0952,CT Scanner,2024-02-15,18734,Scheduled,L001
EM0953,MRI Machine,2022-08-21,7121,Scheduled,L005
EM0954,Defibrillator,2024-06-04,3325,In Progress,L001
EM0955,Ventilator,2022-05-01,19665,Scheduled,L004
EM0956,Ultrasound Machine,2025-03-03,17182,In Progress,L001
EM0957,CT Scanner,2024-09-06,11530,In Progress,L004
EM0958,MRI Machine,2024-08-07,17241,In Progress,L001
EM0959,CT Scanner,2023-01-06,12006,Scheduled,L003
EM0960,Ultrasound Machine,2023-05-14,2513,Scheduled,L004
EM0961,Ultrasound Machine,2024-02-23,10928,Scheduled,L001
EM0962,CT Scanner,2024-11-13,24711,In Progress,L002
EM0963,Ultrasound Machine,2024-08-24,896,Completed,L002
EM0964,CT Scanner,2023-01-27,5642,In Progress,L005
EM0965,Defibrillator,2024-06-08,13815,Completed,L005
EM0966,Ultrasound Machine,2023-01-18,15564,In Progress,L003
EM0967,CT Scanner,2023-09-11,21282,Completed,L002
EM0968,MRI Machine,2024-01-25,2390,Scheduled,L002
EM0969,CT Scanner,2023-12-06,13704,Scheduled,L001
EM0970,Ventilator,2024-10-25,22283,In Progress,L003
EM0971,Ultrasound Machine,2023-09-29,4897,Scheduled,L003
EM0972,MRI Machine,2023-07-30,19351,In Progress,L001
EM0973,Defibrillator,2024-01-01,21148,Completed,L003
EM0974,MRI Machine,2022-12-29,5319,In Progress,L005
EM0975,Defibrillator,2023-05-26,11848,In Progress,L005
EM0976,Defibrillator,2022-10-07,10161,Completed,L004
EM0977,MRI Machine,2024-01-30,7859,Scheduled,L004
EM0978,Ventilator,2022-05-20,7032,Scheduled,L002
EM0979,Ultrasound Machine,2022-05-29,16072,In Progress,L004
EM0980,Ventilator,2025-04-28,13279,In Progress,L005
EM0981,Defibrillator,2025-03-21,1317,Scheduled,L001
EM0982,Ventilator,2023-12-25,1905,Scheduled,L001
EM0983,Defibrillator,2023-12-20,5677,Scheduled,L001
EM0984,Ventilator,2025-03-16,20941,In Progress,L001
EM0985,CT Scanner,2024-01-22,11702,Completed,L004
EM0986,Ultrasound Machine,2024-11-16,3675,In Progress,L001
EM0987,MRI Machine,2024-05-17,12833,In Progress,L003
EM0988,Ventilator,2023-10-22,13697,In Progress,L002
EM0989,Ultrasound Machine,2024-09-01,9992,Completed,L005
EM0990,Defibrillator,2025-02-10,9125,In Progress,L002
EM0991,Ventilator,2022-11-03,23438,In Progress,L002
EM0992,Defibrillator,2023-06-21,22547,Completed,L004
EM0993,Ventilator,2024-01-31,13533,Completed,L005
EM0994,Ultrasound Machine,2022-06-05,3173,In Progress,L004
EM0995,Ventilator,2024-06-23,5866,Completed,L002
EM0996,CT Scanner,2023-06-19,13574,In Progress,L004
EM0997,CT Scanner,2023-01-11,18003,Scheduled,L005
EM0998,Ventilator,2022-08-19,21929,Scheduled,L002
EM0999,MRI Machine,2022-06-16,16990,Completed,L005
EM1000,Ultrasound Machine,2022-07-26,17201,Completed,L005
